# Netlify redirects

# Pages from v4 of the site, 2020-2023
/licence/                                 /00-09-site-administration/01-about/01.02-licence/
/privacy/                                 /00-09-site-administration/01-about/01.03-privacy/
/contact/                                 /00-09-site-administration/02-send-and-receive/02.01-contact-me/
/concepts/                                /10-19-concepts/11-core/
/concepts/areas-categories/               /10-19-concepts/11-core/11.02-areas-and-categories/
/concepts/ids/                            /10-19-concepts/11-core/11.03-ids/
/concepts/tracking-your-numbers/          /10-19-concepts/11-core/11.05-the-index/
/concepts/saving-files/                   /10-19-concepts/11-core/11.06-saving-files/
/concepts/keeping-notes/                  /10-19-concepts/11-core/11.07-keeping-notes/
/concepts/managing-email/                 /10-19-concepts/12-advanced/12.01-managing-email/
/concepts/exceptions-to-the-rules/        /10-19-concepts/12-advanced/12.02-exceptions-to-the-rules/
/concepts/what-about-00-09/               /10-19-concepts/12-advanced/12.03-what-about-00-09/
/concepts/working-at-the-terminal/        /10-19-concepts/12-advanced/12.04-working-at-the-command-line/
/concepts/multiple-projects/              /10-19-concepts/13-multiple-projects/13.01-introduction/
/concepts/developing-your-own-system/     /10-19-concepts/14-build-your-system/14.01-introduction/
/blog/                                    /90-99-behind-the-scenes/98-hidden-website-pages/98.11-in-a-future-post/
/blog/*                                   /90-99-behind-the-scenes/98-hidden-website-pages/98.11-in-a-future-post/

# Pages you moved 2023-05-19
/00-09-site-administration/02-send-and-receive/02.01-contact-me/   /20-29-communication/21-send-and-receive/21.01-contact-me/
/00-09-site-administration/02-send-and-receive/02.02-mailing-list/ /20-29-communication/21-send-and-receive/21.02-mailing-list/
/00-09-site-administration/02-send-and-receive/02.03-rss-feed/     /20-29-communication/21-send-and-receive/21.03-rss-feed/
/00-09-site-administration/02-send-and-receive/02.04-github/       /00-09-site-administration/01-about/01.04-version/
/00-09-site-administration/04-give-me-money/04.01-support-me/      /00-09-site-administration/02-support-the-site/02.01-sponsor-me/
/00-09-site-administration/04-give-me-money/04.02-consulting/      /00-09-site-administration/02-support-the-site/02.02-consulting/
/10-19-concepts/13-multiple-projects/13.01-introduction/           /10-19-concepts/13-multiple-projects/13.01-introduction/
/10-19-concepts/14-build-your-system/14.01-introduction/           /10-19-concepts/14-build-your-system/14.01-introduction/
/20-29-community/21-forums-and-chat/21.01-the-forum/               /20-29-communication/23-forums-and-chat/23.01-the-forum/
/20-29-community/21-forums-and-chat/21.02-discord/                 /20-29-communication/23-forums-and-chat/23.02-discord/

# Specials

# Fixing a bad URL you mailed out
/20-29-communication/22-blog/22.01-all-entries/ /20-29-communication/22-blog/22.01-latest-posts/

# jdcm.al short links
/02.56/   /00-09-site-administration/02-support-the-site/02.56-first-hundred/

# Blog short links -- they don't work like this because each also has a title
# that won't be in the short-splat.
# /22.00.*   /20-29-communication/22-blog/22.00.:splat/

/22.00.0001/ /20-29-communication/22-blog/22.00.0001-hello-world/
/22.00.0002/ /20-29-communication/22-blog/22.00.0002-business-knowledge-management/
/22.00.0003/ /20-29-communication/22-blog/22.00.0003-i-quit-my-job/
/22.00.0004/ /20-29-communication/22-blog/22.00.0004-like-rain-on-your-wedding-day/
/22.00.0005/ /20-29-communication/22-blog/22.00.0005-an-old-colleague-calls/
/22.00.0006/ /20-29-communication/22-blog/22.00.0006-rss-duplicates/